"Table name: county_natality Last updated: Nov 14, 2022 7:31 PM",,,,,,,,,
Year,County_of_Residence,County_of_Residence_FIPS,Births,Ave_Age_of_Mother,Ave_OE_Gestational_Age_Wks,Ave_LMP_Gestational_Age_Wks,Ave_Birth_Weight_gms,Ave_Pre_pregnancy_BMI,Ave_Number_of_Prenatal_Wks
1/1/2018,"Calhoun County, AL",01015,1265,26.67,38.11,38.25,3168.14,28.85,10.45
1/1/2018,"Tulsa County, OK",40143,8933,28.13,38.18,38.25,3243.39,27.58,11.04
1/1/2018,"Carroll County, GA",13045,1540,27.2,38.5,38.5,3253.35,27.98,10.75
1/1/2018,"Saginaw County, MI",26145,2182,27.41,38.75,38.5,3226.9,28.85,11.58
1/1/2018,"Hillsborough County, FL",12057,17126,28.97,38.41,38.5,3230.36,26.75,10.64
1/1/2018,"Lake County, IN",18089,5785,28.12,38.41,38.5,3243.64,28.19,10.72
1/1/2018,"St. Tammany Parish, LA",22103,2932,29.12,38.31,38.5,3263.36,27,11.29
1/1/2018,"Osceola County, FL",12097,4437,28.64,38.3,38.5,3231.13,27.08,11.4
1/1/2018,"Sarpy County, NE",31153,2386,29.43,38.3,38.5,3344.03,26.98,12.4
1/1/2018,"Kane County, IL",17089,6337,29.63,38.29,38.5,3288.64,27.56,11.43
1/1/2018,"San Juan County, NM",35045,1444,27.5,38.62,38.5,3236.43,28.31,9.67
1/1/2018,"Douglas County, KS",20045,1116,29.43,38.44,38.5,3277.79,27.26,11.73
1/1/2018,"Denton County, TX",48121,9857,30.03,38.44,38.5,3291.52,26.38,10.85
1/1/2018,"Hays County, TX",48209,2572,29.41,38.35,38.5,3307.68,27.08,10.98
1/1/2018,"Davis County, UT",49011,5302,29.18,38.34,38.5,3277.75,26.28,11.4
1/1/2018,"Manatee County, FL",12081,3452,28.56,38.5,38.75,3293.64,27.28,11.04
1/1/2018,"New Haven County, CT",09009,8519,30.06,38.57,38.75,3280.8,27.47,13.18
1/1/2018,"San Mateo County, CA",06081,8330,32.38,38.65,38.75,3292.79,25.1,11.57
1/1/2018,"San Luis Obispo County, CA",06079,2445,30.08,38.64,38.75,3354.12,26.48,12.84
1/1/2018,"Canyon County, ID",16027,2918,27.71,38.47,38.75,3302.05,27.78,10.79
1/1/2018,"Cherokee County, GA",13057,2562,29.75,38.46,38.75,3319.59,26.94,11.79
1/1/2018,"Stanislaus County, CA",06099,7364,28.52,38.6,38.75,3334.05,28.31,13.14
1/1/2018,"Monterey County, CA",06053,5895,28.87,38.68,38.75,3318.25,27.98,12.25
1/1/2018,"Orange County, NY",36071,5065,29.74,38.83,39,3305.78,26.85,9.79
1/1/2018,"Marin County, CA",06041,2127,33.34,38.89,39,3373.09,24.97,10.28
1/1/2018,"Rapides Parish, LA",22079,1717,26.85,38.07,35.5,3153.45,28.03,10.82
1/1/2018,"Bossier Parish, LA",22015,1693,27.67,37.95,38.08,3181.81,27.55,11.62
1/1/2018,"Lexington County, SC",45063,3224,28.41,38.29,38.33,3263.56,28.38,11.41
1/1/2018,"Henry County, GA",13151,2705,28.65,38.11,38.33,3158.09,28.03,10.65
1/1/2018,"Orleans Parish, LA",22071,4656,29.09,38.09,38.33,3107.58,27.08,11.23
1/1/2018,"Miami-Dade County, FL",12086,31032,30.24,38.34,38.33,3227.87,25.84,11.9
1/1/2018,"Pulaski County, AR",05119,5123,28.06,38.17,38.33,3172.79,28.02,10.28
1/1/2018,"Brazos County, TX",48041,2584,28.32,38.33,38.58,3263.53,27.13,9.89
1/1/2018,"Salt Lake County, UT",49035,15998,29.02,38.41,38.58,3242.21,26.34,11.01
1/1/2018,"Clark County, NV",32003,26773,28.85,38.4,38.58,3219.97,26.66,11.89
1/1/2018,"Sullivan County, TN",47163,1506,27.36,38.46,38.58,3283.37,27.58,10.66
1/1/2018,"Jefferson County, KY",21111,9584,28.6,38.29,38.58,3248.57,27.2,11.77
1/1/2018,"Bronx County, NY",36005,20121,29.22,38.54,38.58,3194.43,27.29,10.16
1/1/2018,"Lake County, FL",12069,3368,28.48,38.35,38.58,3249.44,27.28,9.83
1/1/2018,"Unidentified Counties, MO",29999,30650,27.16,38.42,38.58,3289.12,27.61,11.05
1/1/2018,"Henrico County, VA",51087,3911,30.1,38.49,38.83,3268.36,26.96,11.79
1/1/2018,"Yolo County, CA",06113,2135,30.25,38.72,38.83,3367.47,27.38,12.16
1/1/2018,"Northampton County, PA",42095,2909,29.59,38.72,38.83,3289.97,27.24,13.91
1/1/2018,"Scott County, MN",27139,1717,30.74,38.63,38.83,3364.07,27.07,12.24
1/1/2018,"Lane County, OR",41039,3327,29.1,38.71,38.83,3347.4,27.11,11.92
1/1/2018,"Tazewell County, IL",17179,1391,28.63,38.54,38.83,3379.54,28.11,12.09
1/1/2018,"Unidentified Counties, WI",55999,20974,28.89,38.62,38.83,3377.02,28.21,11.64
1/1/2018,"Clark County, WA",53011,5482,29.21,38.77,38.83,3339.43,26.8,11.11
1/1/2018,"Randolph County, NC",37151,1520,27.65,38.42,38.83,3286.17,28.12,11.21
1/1/2018,"Ocean County, NJ",34029,9015,29.58,38.88,39.08,3344.46,25.4,10.96
1/1/2018,"St. Louis city, MO",29510,4127,28.67,38.15,38.16,3124.88,27.27,9.79
1/1/2018,"Nueces County, TX",48355,4569,27.57,38.15,38.16,3212.21,28.37,8.92
1/1/2018,"Marion County, IN",18097,14036,28.2,38.33,38.41,3228.69,28.33,10.78
1/1/2018,"El Paso County, TX",48141,11721,27.09,38.32,38.41,3194.88,27.04,9.84
1/1/2018,"Alachua County, FL",12001,2733,29.17,38.26,38.41,3189.99,26.97,10.74
1/1/2018,"Gwinnett County, GA",13135,10855,29.89,38.34,38.41,3209.3,26.73,12.24
1/1/2018,"Wilson County, TN",47189,1651,28.94,38.34,38.41,3287.09,26.71,11.79
1/1/2018,"Craven County, NC",37049,1337,26.94,38.5,38.66,3257.81,27.84,12.56
1/1/2018,"Rock County, WI",55105,1869,27.95,38.32,38.66,3285.34,28.45,11.79
1/1/2018,"Luzerne County, PA",42079,3310,28.2,38.48,38.66,3250.38,27.41,11.87
1/1/2018,"Atlantic County, NJ",34001,2797,28.97,38.56,38.66,3268.27,27.25,9.96
1/1/2018,"Hernando County, FL",12053,1617,27.94,38.38,38.66,3272.6,26.67,11.21
1/1/2018,"Denver County, CO",08031,9424,30.26,38.63,38.66,3177.99,25.93,10.62
1/1/2018,"Warren County, OH",39165,2306,29.88,38.46,38.66,3328.96,26.51,11.98
1/1/2018,"Citrus County, FL",12017,1025,27.49,38.37,38.66,3266.28,27.98,10.36
1/1/2018,"Porter County, IN",18127,1677,28.86,38.53,38.66,3343.58,28.05,10.74
1/1/2018,"Durham County, NC",37063,4152,29.91,38.52,38.66,3252.58,26.94,13.53
1/1/2018,"Olmsted County, MN",27109,2035,30.36,38.83,38.91,3354.74,26.61,9.47
1/1/2018,"Cowlitz County, WA",53015,1235,27.54,38.64,38.91,3360.75,27.97,12.12
1/1/2018,"St. Lawrence County, NY",36089,1080,27.85,38.7,38.91,3361.77,29.35,10.58
1/1/2018,"Allen County, OH",39003,1248,27.23,38.12,38.24,3234.87,28.01,11.88
1/1/2018,"Bibb County, GA",13021,2063,26.92,37.93,38.24,3078.7,28.48,12.17
1/1/2018,"Peoria County, IL",17143,2504,27.86,38.25,38.49,3232.15,28.43,11.43
1/1/2018,"Fulton County, GA",13121,12652,30.02,38.3,38.49,3152.2,26.43,10.98
1/1/2018,"Washington County, AR",05143,3227,27.89,38.28,38.49,3249.12,27.24,10.57
1/1/2018,"Unidentified Counties, KS",20999,16535,27.53,38.44,38.49,3300.32,27.87,11.01
1/1/2018,"Coweta County, GA",13077,1575,28.65,38.17,38.49,3241.87,27.42,11.62
1/1/2018,"Jefferson County, CO",08059,5654,30.8,38.75,38.74,3213.86,25.4,10.32
1/1/2018,"Unidentified Counties, MN",27999,22480,28.85,38.58,38.74,3375.57,27.98,11.37
1/1/2018,"Greene County, MO",29077,3309,27.63,38.49,38.74,3329.12,27.16,11.48
1/1/2018,"Johnson County, IA",19103,1735,30.63,38.55,38.74,3339.94,26.11,11.09
1/1/2018,"Eaton County, MI",26045,1106,28.38,38.79,38.74,3349.34,28.17,14.55
1/1/2018,"Sheboygan County, WI",55117,1270,28.86,38.61,38.74,3338.49,27.69,12.27
1/1/2018,"Worcester County, MA",25027,8335,30.11,38.59,38.74,3289.9,27.08,11.56
1/1/2018,"Clackamas County, OR",41005,3886,30.22,38.82,38.99,3393.7,26.84,11.74
1/1/2018,"Santa Cruz County, CA",06087,2449,30.64,38.81,38.99,3345.75,26.59,12.74
1/1/2018,"Whatcom County, WA",53073,2161,29.66,38.84,38.99,3405,26.4,10.4
1/1/2018,"Boone County, MO",29019,2050,29.19,38.41,38.32,3251.52,26.87,11.25
1/1/2018,"Gregg County, TX",48183,1644,26.73,38.07,38.32,3213.49,27.94,11.26
1/1/2018,"Madison County, IL",17119,2865,28.42,38.15,38.32,3227.49,28.46,10.87
1/1/2018,"Madison County, IN",18095,1409,26.67,38.23,38.32,3243.34,28.26,11.37
1/1/2018,"Livingston Parish, LA",22063,1771,27.37,38.2,38.32,3252.71,27.81,11.2
1/1/2018,"Guadalupe County, TX",48187,1848,28.66,38.19,38.32,3269.54,27.74,10.51
1/1/2018,"Harris County, TX",48201,67095,28.82,38.19,38.32,3203.57,27.27,9.86
1/1/2018,"Allen County, IN",18003,5240,27.89,38.5,38.57,3248.63,27.8,11.53
1/1/2018,"Dallas County, TX",48113,38182,28.48,38.4,38.57,3235.31,25.92,9.77
1/1/2018,"Benton County, AR",05007,3778,28.32,38.31,38.57,3291.23,27.05,11.37
1/1/2018,"Minnehaha County, SD",46099,2891,28.93,38.64,38.57,3314.61,26.76,11.36
1/1/2018,"Hudson County, NJ",34017,10234,31.08,38.45,38.57,3206.6,25.47,10.26
1/1/2018,"Okaloosa County, FL",12091,2717,28.22,38.28,38.57,3267.95,26.76,12.24
1/1/2018,"Comanche County, OK",40031,1681,26.46,38.36,38.57,3258.82,27.63,10.57
1/1/2018,"Arapahoe County, CO",08005,7401,29.85,38.52,38.57,3181.65,26.4,10.19
1/1/2018,"Johnson County, TX",48251,2110,27.36,38.43,38.57,3313.48,27.78,9.35
1/1/2018,"Brunswick County, NC",37019,987,28.21,38.34,38.57,3258.77,27.53,11.18
1/1/2018,"Howard County, MD",24027,3405,31.64,38.42,38.57,3240.04,25.95,10.55
1/1/2018,"Ada County, ID",16001,4861,29.6,38.58,38.82,3311.9,26,12.12
1/1/2018,"Cumberland County, NC",37051,5401,27.22,38.32,38.82,3217.31,27.46,11.45
1/1/2018,"Dutchess County, NY",36027,2549,30.54,38.64,38.82,3328.57,27.83,12.01
1/1/2018,"York County, ME",23031,1865,29.47,38.63,38.82,3341.72,27.55,13.3
1/1/2018,"Wright County, MN",27171,1767,29.86,38.63,38.82,3423.11,27.3,11.57
1/1/2018,"Placer County, CA",06061,3663,30.99,38.78,38.82,3373.06,25.99,12.16
1/1/2018,"Unidentified Counties, PA",42999,15927,27.82,38.61,38.82,3310.5,27.75,11.12
1/1/2018,"Unidentified Counties, RI",44999,1015,30.95,38.79,39.07,3348.45,26.09,12.49
1/1/2018,"Muscogee County, GA",13215,2864,27.32,38.07,38.15,3148.08,27.32,11.53
1/1/2018,"Lee County, AL",01081,1810,28.18,38.24,38.4,3218.48,27.38,12.89
1/1/2018,"Muskegon County, MI",26121,2051,26.91,38.15,38.4,3218.18,28.37,11.03
1/1/2018,"Unidentified Counties, OK",40999,23234,26.68,38.23,38.4,3273.12,28.06,10.82
1/1/2018,"Milwaukee County, WI",55079,13032,28.53,38.23,38.4,3174.61,28.23,11.8
1/1/2018,"Broward County, FL",12011,21928,30.35,38.31,38.4,3197.63,26.43,10.38
1/1/2018,"Delaware County, IN",18035,1072,27.4,38.3,38.4,3286.31,28.3,11.6
1/1/2018,"Wayne County, MI",26163,22910,28.23,38.29,38.4,3175.08,28.2,11.57
1/1/2018,"Macon County, IL",17115,1269,27.05,38.27,38.4,3249.77,28.98,11.32
1/1/2018,"Cuyahoga County, OH",39035,13870,28.86,38.26,38.4,3182.93,27.5,11.74
1/1/2018,"Merced County, CA",06047,3875,27.98,38.5,38.65,3309.74,29.14,10.5
1/1/2018,"Schuylkill County, PA",42107,1272,27.87,38.5,38.65,3292.76,27.7,11.58
1/1/2018,"Monroe County, PA",42089,1518,29.09,38.58,38.65,3260.31,27.68,12.44
1/1/2018,"DuPage County, IL",17043,10298,31.2,38.49,38.65,3303.16,26.23,12.24
1/1/2018,"Schenectady County, NY",36093,1840,29.35,38.57,38.65,3267.93,28.38,11.49
1/1/2018,"Pinal County, AZ",04021,4498,27.81,38.48,38.65,3310.29,28.09,11.67
1/1/2018,"Montgomery County, MD",24031,12401,31.77,38.56,38.65,3293.84,25.84,11.23
1/1/2018,"Washington County, WI",55131,1300,30.32,38.39,38.65,3335.41,27.4,13.03
1/1/2018,"Unidentified Counties, CO",08999,8105,29,38.55,38.65,3156.18,26.33,10.6
1/1/2018,"Honolulu County, HI",15003,12168,29.7,38.38,38.65,3226.58,26.83,9.99
1/1/2018,"Johnson County, KS",20091,7140,30.65,38.54,38.65,3350.41,26.17,11.77
1/1/2018,"Santa Fe County, NM",35049,1180,28.78,38.45,38.65,3117.33,26.22,10.03
1/1/2018,"Hartford County, CT",09003,9239,30.06,38.42,38.65,3257.06,27.22,11.74
1/1/2018,"Iredell County, NC",37097,1891,28.62,38.42,38.65,3266.94,27.29,11.58
1/1/2018,"Unidentified Counties, OH",39999,30582,27.33,38.42,38.65,3303.36,27.84,11.54
1/1/2018,"El Dorado County, CA",06017,1674,30.5,38.74,38.9,3331.94,25.83,10.69
1/1/2018,"Cumberland County, PA",42041,2597,29.4,38.74,38.9,3342.85,26.85,10.69
1/1/2018,"King County, WA",53033,24347,31.57,38.73,38.9,3317.72,25.58,11.34
1/1/2018,"Unidentified Counties, WA",53999,12152,28.26,38.64,38.9,3359.64,27.63,10.94
1/1/2018,"Shasta County, CA",06089,1966,28.45,38.79,38.9,3334.3,26.86,11.11
1/1/2018,"Kitsap County, WA",53035,2994,28.93,38.7,38.9,3382.16,26.9,10.22
1/1/2018,"Oswego County, NY",36075,1217,28.14,38.81,39.15,3399,29.51,12.62
1/1/2018,"Unidentified Counties, LA",22999,18874,26.78,37.99,37.9,3168.63,28.54,11.93
1/1/2018,"Vigo County, IN",18167,1131,26.84,38.21,38.23,3261.14,27.86,11.41
1/1/2018,"Lubbock County, TX",48303,3896,27.34,38.33,38.48,3220.78,27.81,10.6
1/1/2018,"Charlotte County, FL",12015,1040,28.04,38.32,38.48,3213.5,27.61,9.35
1/1/2018,"Escambia County, FL",12033,3733,27.59,38.22,38.48,3220.72,27.7,10.48
1/1/2018,"Charleston County, SC",45019,4861,30.02,38.3,38.48,3228.74,26.5,10.69
1/1/2018,"Hardin County, KY",21093,1431,27.33,38.28,38.48,3284.02,28.61,9.92
1/1/2018,"Ellis County, TX",48139,2214,28.08,38.35,38.48,3293.55,27.89,10.17
1/1/2018,"Frederick County, MD",24021,2969,30.26,38.5,38.73,3322.29,26.61,10.91
1/1/2018,"Jackson County, MI",26075,1741,27.34,38.5,38.73,3267.48,28.2,12.11
1/1/2018,"Allegan County, MI",26005,1416,28.46,38.58,38.73,3392.26,27.94,12.04
1/1/2018,"Whitfield County, GA",13313,1300,27.32,38.41,38.73,3281.02,28.93,12.17
1/1/2018,"Warren County, NJ",34041,1020,30.3,38.56,38.73,3296.84,27.25,12.05
1/1/2018,"Ventura County, CA",06111,9065,30.08,38.64,38.73,3321.65,26.94,12.38
1/1/2018,"Berrien County, MI",26021,1674,28.1,38.63,38.73,3291.82,28.37,11.52
1/1/2018,"Kent County, MI",26081,8648,28.88,38.54,38.73,3306.64,27.77,11.67
1/1/2018,"Beaver County, PA",42007,1575,28.86,38.61,38.73,3293.48,27.22,11.44
1/1/2018,"Mercer County, PA",42085,1078,27.85,38.44,38.73,3254.28,27.28,10.85
1/1/2018,"Kenosha County, WI",55059,1788,28.61,38.52,38.73,3296.49,28.36,11.56
1/1/2018,"Adams County, CO",08001,6293,28.81,38.6,38.73,3199.97,27.48,10.33
1/1/2018,"Franklin County, MO",29071,1174,27.89,38.43,38.73,3322.01,27.98,11.79
1/1/2018,"Chesterfield County, VA",51041,3841,29.93,38.43,38.73,3289.78,27.67,11.34
1/1/2018,"Kings County, NY",36047,38574,30.39,38.68,38.73,3236.79,25.04,10.96
1/1/2018,"Suffolk County, MA",25025,9072,31.15,38.59,38.73,3244.73,26.04,11.85
1/1/2018,"Unidentified Counties, VT",50999,4040,29.26,38.74,38.98,3337.27,28.2,12.9
1/1/2018,"Unidentified Counties, NH",33999,2753,28.99,38.82,38.98,3365.34,27.44,12.5
1/1/2018,"Barnstable County, MA",25001,1496,30.74,38.78,38.98,3371.01,26.36,11.16
1/1/2018,"Ulster County, NY",36111,1546,29.83,38.85,38.98,3344.49,27.78,10.92
1/1/2018,"Kanawha County, WV",54039,1864,27.29,37.95,38.06,3216.66,27.7,10.7
1/1/2018,"Lafayette Parish, LA",22055,3242,28.42,38.24,38.31,3235.51,27.11,13.86
1/1/2018,"St. Louis County, MO",29189,11368,29.63,38.24,38.31,3217.56,26.95,11.03
1/1/2018,"Bexar County, TX",48029,26562,28.25,38.18,38.31,3226.31,27.75,10.75
1/1/2018,"Fond du Lac County, WI",55039,1073,28.62,38.41,38.56,3327.55,28.46,11.28
1/1/2018,"Unidentified Counties, IL",17999,21369,27.67,38.31,38.56,3291.15,28.51,12.11
1/1/2018,"St. Lucie County, FL",12111,3123,28.6,38.38,38.56,3237.11,27.47,10.15
1/1/2018,"Clay County, MO",29047,3105,29.08,38.46,38.56,3311.04,27.17,11.3
1/1/2018,"Berkeley County, SC",45015,2801,28.43,38.29,38.56,3256.49,28.2,10.86
1/1/2018,"Lee County, FL",12071,6793,28.57,38.37,38.56,3254.16,27.25,10.09
1/1/2018,"Greenville County, SC",45045,6225,28.92,38.37,38.56,3269.86,27.26,12.52
1/1/2018,"Monroe County, MI",26115,1468,28.51,38.44,38.56,3331.18,28.17,13.01
1/1/2018,"Bell County, TX",48027,5889,27.13,38.35,38.56,3229.86,27.31,11.49
1/1/2018,"San Francisco County, CA",06075,8697,33.31,38.75,38.81,3272.53,24.07,11.12
1/1/2018,"Berkshire County, MA",25003,1002,29.46,38.75,38.81,3287.72,26.99,11.98
1/1/2018,"Yuma County, AZ",04027,3034,27.06,38.57,38.81,3336.28,28.52,9.7
1/1/2018,"Hampden County, MA",25013,4926,28.55,38.57,38.81,3281.32,27.89,11.3
1/1/2018,"Missoula County, MT",30063,1063,29.63,38.57,38.81,3275.99,25.97,10.98
1/1/2018,"Ramsey County, MN",27123,7517,29.62,38.65,38.81,3281.27,27.13,11.33
1/1/2018,"Pierce County, WA",53053,11478,28.85,38.63,38.81,3337.81,27.62,11.08
1/1/2018,"Hennepin County, MN",27053,15845,30.91,38.71,38.81,3315.62,26.51,12
1/1/2018,"Solano County, CA",06095,5033,29.57,38.68,38.81,3330.54,27.67,11.36
1/1/2018,"Spotsylvania County, VA",51177,1503,29.06,38.42,38.81,3299.24,27.77,11.22
1/1/2018,"Plymouth County, MA",25023,5028,31.18,38.67,38.81,3341.9,26.56,12.33
1/1/2018,"Unidentified Counties, NJ",34999,1433,28.52,38.67,38.81,3315.64,27.56,9.91
1/1/2018,"Jackson County, OR",41029,2199,28.72,38.67,38.81,3335.41,26.84,11.64
1/1/2018,"Centre County, PA",42027,1171,30.06,38.97,39.06,3368.83,26.07,12.88
1/1/2018,"Sangamon County, IL",17167,2240,28.62,38.03,38.14,3178.69,28.67,11.33
1/1/2018,"Cameron County, TX",48061,6306,26.83,38.03,38.14,3192.97,28.5,11.11
1/1/2018,"Horry County, SC",45051,3153,28.08,38.24,38.39,3264.39,27.77,12.62
1/1/2018,"Baldwin County, AL",01003,2290,28.01,38.23,38.39,3258.78,27.28,11.41
1/1/2018,"Tangipahoa Parish, LA",22105,1916,26.97,38.39,38.39,3187.49,28.42,11.22
1/1/2018,"Unidentified Counties, AR",05999,20422,26.3,38.22,38.39,3215.35,28.48,10.38
1/1/2018,"Douglas County, NE",31055,8342,29.26,38.27,38.39,3277.48,26.9,12.17
1/1/2018,"Camden County, NJ",34007,6157,29.59,38.5,38.64,3254,28.04,10.07
1/1/2018,"Middlesex County, NJ",34023,8872,30.8,38.5,38.64,3238.65,26.51,10.69
1/1/2018,"Wood County, OH",39173,1267,28.83,38.4,38.64,3316.79,27.36,12.75
1/1/2018,"Unidentified Counties, NE",31999,10867,28.16,38.53,38.64,3325.66,27.51,11.15
1/1/2018,"Pasco County, FL",12101,5084,28.62,38.44,38.64,3275.23,27.09,10.88
1/1/2018,"Lycoming County, PA",42081,1202,27.79,38.34,38.64,3283.35,27.55,11.55
1/1/2018,"Harford County, MD",24025,2638,30.15,38.42,38.64,3323.43,27.41,11.36
1/1/2018,"Livingston County, MI",26093,1704,30.34,38.64,38.89,3369.81,26.89,14.39
1/1/2018,"Oneida County, NY",36065,2500,28.51,38.7,38.89,3321.31,28.11,12.18
1/1/2018,"Lancaster County, PA",42071,6975,28.83,38.7,38.89,3364.83,26.38,10.77
1/1/2018,"Unidentified Counties, ME",23999,3952,28.09,38.69,38.89,3340.39,28.32,13.03
1/1/2018,"Multnomah County, OR",41051,8211,30.86,38.77,38.89,3334.1,26.27,11.46
1/1/2018,"Richland County, SC",45079,4693,28.81,38.12,38.22,3173.16,28.78,11.68
1/1/2018,"Jefferson County, TX",48245,3468,27.02,38.19,38.22,3186.6,27.73,10.37
1/1/2018,"Montgomery County, TN",47125,3513,27.1,38.32,38.47,3274.52,26.71,11.89
1/1/2018,"Jackson County, MO",29095,9065,28.11,38.39,38.47,3231.8,27.49,10.53
1/1/2018,"Clarke County, GA",13059,1351,28.68,38.29,38.47,3180.32,27.73,10.01
1/1/2018,"Unidentified Counties, KY",21999,33368,26.73,38.2,38.47,3258.37,28.26,11.92
1/1/2018,"Clark County, OH",39023,1552,26.53,38.28,38.47,3264.25,28.58,10.24
1/1/2018,"Hamilton County, OH",39061,10835,28.8,38.36,38.47,3229.2,27,11.43
1/1/2018,"Grayson County, TX",48181,1662,26.72,38.27,38.47,3239.68,27.59,11.48
1/1/2018,"Waukesha County, WI",55133,3918,31.16,38.49,38.72,3364.92,26.47,13.35
1/1/2018,"Lebanon County, PA",42075,1562,27.94,38.55,38.72,3292.37,27.22,11.61
1/1/2018,"Davidson County, NC",37057,1751,27.41,38.21,38.72,3227.17,28.02,13.24
1/1/2018,"Washoe County, NV",32031,5399,28.84,38.46,38.72,3237.18,27,9.96
1/1/2018,"Union County, NC",37179,2456,29.74,38.53,38.72,3321.01,27.1,12.38
1/1/2018,"Harnett County, NC",37085,1845,28.4,38.36,38.72,3274.44,27.36,10.83
1/1/2018,"Indian River County, FL",12061,1294,28.79,38.44,38.72,3272.38,27.53,12.65
1/1/2018,"Fayette County, PA",42051,1326,27.28,38.44,38.72,3256.16,27.97,12.37
1/1/2018,"Bay County, MI",26017,947,27.83,38.78,38.97,3342.42,28.54,13.91
1/1/2018,"Caddo Parish, LA",22017,3072,26.99,37.79,37.72,3098.81,28.45,11.36
1/1/2018,"East Baton Rouge Parish, LA",22033,5780,28.15,38.01,38.05,3121.64,27.91,10.4
1/1/2018,"Unidentified Counties, MS",28999,25808,26.6,37.92,38.05,3128.06,28.93,11.61
1/1/2018,"Taylor County, TX",48441,2044,26.95,38.15,38.3,3226.55,27.49,9.72
1/1/2018,"Unidentified Counties, UT",49999,6460,28.05,38.33,38.55,3233.17,26.46,11.13
1/1/2018,"Fairfield County, OH",39045,1669,28.73,38.41,38.55,3282.31,27,11.48
1/1/2018,"Leon County, FL",12073,2915,28.73,38.4,38.55,3215.33,27.49,11.28
1/1/2018,"Macomb County, MI",26099,9171,29.26,38.4,38.55,3256.85,27.55,12.59
1/1/2018,"Ashtabula County, OH",39007,1108,27.11,38.39,38.55,3279.16,27.81,10.02
1/1/2018,"Larimer County, CO",08069,3219,30.1,38.54,38.55,3209.08,25.75,12.35
1/1/2018,"Beaufort County, SC",45013,1912,28.42,38.44,38.55,3257.45,26.93,11.71
1/1/2018,"Unidentified Counties, NM",35999,9360,26.93,38.43,38.55,3177.2,27.71,9.99
1/1/2018,"El Paso County, CO",08041,9107,28.47,38.42,38.55,3167.07,26.8,9.52
1/1/2018,"Westmoreland County, PA",42129,2849,29.2,38.56,38.8,3298.6,27.11,13.49
1/1/2018,"Hunterdon County, NJ",34019,968,32.36,38.62,38.8,3334.07,25.71,12.15
1/1/2018,"Richmond County, NY",36085,5186,30.78,38.61,38.8,3234.07,26.01,12.89
1/1/2018,"Norfolk County, MA",25021,7033,32.39,38.69,38.8,3323.12,25.32,12.11
1/1/2018,"Henderson County, NC",37089,1093,28.24,38.52,38.8,3294.3,27.05,13.42
1/1/2018,"Ontario County, NY",36069,966,29.62,38.6,38.8,3351.26,27.3,10.99
1/1/2018,"Butte County, CA",06007,2430,28.78,38.76,38.8,3344.58,27.39,11.14
1/1/2018,"Kootenai County, ID",16055,1732,28.46,38.71,39.05,3372.6,26.41,12.68
1/1/2018,"Calhoun County, MI",26025,1537,27.2,38.69,39.05,3292.08,28.11,13.95
1/1/2018,"Linn County, OR",41043,1518,28.03,38.77,39.05,3390.79,28.03,11.66
1/1/2018,"Unidentified Counties, MA",25999,802,30.54,39.02,39.05,3402.09,26.37,13.41
1/1/2018,"Spokane County, WA",53063,5737,28.63,38.6,39.05,3303,27.08,11.51
1/1/2018,"Ouachita Parish, LA",22073,2063,27.1,37.82,37.8,3093.91,29.12,11.6
1/1/2018,"Wyandotte County, KS",20209,2614,27.26,38.33,38.38,3218.73,28.42,10.25
1/1/2018,"Shawnee County, KS",20177,2123,27.65,38.24,38.38,3281.15,28.26,11.22
1/1/2018,"Tuscaloosa County, AL",01125,2406,27.43,38.23,38.38,3193.12,28.09,9.79
1/1/2018,"Fayette County, KY",21067,3921,29.16,38.23,38.38,3237.39,26.95,12.33
1/1/2018,"Baltimore city, MD",24510,7681,28.47,38.23,38.38,3137.87,27.88,10.3
1/1/2018,"Tarrant County, TX",48439,27280,28.67,38.3,38.38,3240.75,27.36,9.35
1/1/2018,"Essex County, NJ",34013,10425,30.31,38.37,38.38,3206.8,27.06,9.68
1/1/2018,"DeKalb County, GA",13089,10785,29.56,38.43,38.38,3177.76,26.61,10.65
1/1/2018,"Unidentified Counties, GA",13999,41000,26.97,38.17,38.38,3197.04,28.46,11.24
1/1/2018,"Santa Rosa County, FL",12113,1953,28.6,38.33,38.63,3295.36,26.44,11.53
1/1/2018,"York County, PA",42133,4707,28.48,38.49,38.63,3296.1,27.61,11.72
1/1/2018,"Lake County, IL",17097,7095,30.2,38.48,38.63,3304.09,27.31,11.81
1/1/2018,"Summit County, OH",39153,5934,28.62,38.48,38.63,3256.73,27.23,11.72
1/1/2018,"Brevard County, FL",12009,5309,28.86,38.39,38.63,3270.87,26.87,10.43
1/1/2018,"Cabarrus County, NC",37025,2509,29.44,38.39,38.63,3243.32,27.72,11.83
1/1/2018,"Suffolk County, NY",36103,15278,30.85,38.47,38.63,3266.46,26.97,10.94
1/1/2018,"Greene County, OH",39057,1720,28.81,38.46,38.63,3325.44,27.44,11.99
1/1/2018,"Los Angeles County, CA",06037,110271,30.4,38.54,38.63,3260.45,26.6,12.19
1/1/2018,"Clark County, IN",18019,1396,27.93,38.37,38.63,3290.45,27.98,10.88
1/1/2018,"Hampton city, VA",51650,1645,27.73,38.37,38.63,3204.05,28.44,12.11
1/1/2018,"Berks County, PA",42011,4602,28.25,38.45,38.63,3278.7,27.46,14.78
1/1/2018,"Utah County, UT",49049,11514,28.43,38.45,38.63,3306.59,25.6,11.25
1/1/2018,"Marion County, FL",12083,3476,27.38,38.43,38.63,3236.22,27.69,10.27
1/1/2018,"Smith County, TX",48423,2922,27.72,38.43,38.63,3292.3,27.82,10.79
1/1/2018,"Weld County, CO",08123,4243,28.46,38.59,38.63,3230.2,27.08,11.61
1/1/2018,"Delaware County, PA",42045,6453,30.41,38.59,38.63,3279.35,26.68,10.56
1/1/2018,"Parker County, TX",48367,1537,28.62,38.42,38.63,3316.58,26.8,10.77
1/1/2018,"St. Mary's County, MD",24037,1328,29.27,38.65,38.88,3343.41,27.49,11.63
1/1/2018,"Essex County, MA",25009,8377,30.39,38.65,38.88,3306.77,26.58,11.62
1/1/2018,"Hillsborough County, NH",33011,4144,29.85,38.73,38.88,3340.67,27.28,12.59
1/1/2018,"Unidentified Counties, OR",41999,9558,28.34,38.71,38.88,3336.7,27.64,11.87
1/1/2018,"Deschutes County, OR",41017,1827,30.01,39.03,38.88,3306.9,25.95,10.62
1/1/2018,"Middlesex County, MA",25017,16603,32.15,38.69,38.88,3302.67,25.38,11.88
1/1/2018,"Napa County, CA",06055,1204,30.83,38.67,38.88,3346.47,26.91,12.24
1/1/2018,"Pueblo County, CO",08101,1829,27.24,38.12,38.21,3078.05,27.45,9.96
1/1/2018,"Prince George's County, MD",24033,12159,29.66,38.38,38.46,3213.53,27.94,10.19
1/1/2018,"Anderson County, SC",45007,2256,27.42,38.21,38.46,3230.55,28.09,13.51
1/1/2018,"Shelby County, AL",01117,2250,29.45,38.46,38.46,3284.24,27.38,10.42
1/1/2018,"Davidson County, TN",47037,9984,29.23,38.45,38.46,3244.13,26.31,10.19
1/1/2018,"Erie County, PA",42049,2788,27.96,38.28,38.46,3241.33,27.24,10.78
1/1/2018,"Genesee County, MI",26049,4558,27.6,38.27,38.46,3205.51,27.94,11.95
1/1/2018,"Robeson County, NC",37155,1699,26.36,38.35,38.46,3161.59,28.57,9.7
1/1/2018,"Duval County, FL",12031,12973,28.45,38.26,38.46,3195.52,27.54,9.84
1/1/2018,"San Bernardino County, CA",06071,28994,28.67,38.42,38.46,3246.52,27.49,11.23
1/1/2018,"Washington County, TN",47179,1247,28,38.33,38.71,3280.67,26.96,11.54
1/1/2018,"St. Clair County, MI",26147,1543,28,38.41,38.71,3325.95,28.16,11.22
1/1/2018,"Chesapeake city, VA",51550,2928,29.09,38.32,38.71,3274.07,27.38,12.28
1/1/2018,"Boone County, KY",21015,1695,29.21,38.4,38.71,3321.63,26.75,11.65
1/1/2018,"Washington County, PA",42125,2063,29.33,38.56,38.71,3292.87,27,11.6
1/1/2018,"New York County, NY",36061,17020,32.55,38.63,38.71,3224.47,24.02,11.63
1/1/2018,"Richland County, OH",39139,1353,26.86,38.46,38.71,3276.86,27.55,11.4
1/1/2018,"Dona Ana County, NM",35013,2587,27.04,38.45,38.71,3232.69,27.53,11.29
1/1/2018,"Albany County, NY",36001,2886,30.1,38.69,38.71,3301.69,27.55,12.13
1/1/2018,"Black Hawk County, IA",19013,1632,28.31,38.43,38.71,3304.43,27.82,11.09
1/1/2018,"Anne Arundel County, MD",24003,6781,30.55,38.51,38.71,3295.17,26.93,10.57
1/1/2018,"Strafford County, NH",33017,1143,29.53,38.75,38.96,3350.23,27.39,12.67
1/1/2018,"Saratoga County, NY",36091,2022,30.74,38.82,38.96,3376.45,27.25,12.02
1/1/2018,"Tompkins County, NY",36109,735,30.49,38.8,38.96,3330.2,26.35,11.97
1/1/2018,"Kennebec County, ME",23011,1161,28.47,38.71,38.96,3319.15,28.81,12.96
1/1/2018,"Humboldt County, CA",06023,1364,29.38,38.85,38.96,3386.42,27.51,12.38
1/1/2018,"Montgomery County, AL",01101,3139,27.48,37.9,38.04,3083.55,28.68,10.06
1/1/2018,"Calcasieu Parish, LA",22019,3057,26.98,38.04,38.04,3167.82,27.17,9.95
1/1/2018,"Shelby County, TN",47157,13124,27.7,38.17,38.04,3131.92,27.59,9.91
1/1/2018,"Midland County, TX",48329,3011,27.56,38.17,38.29,3204.86,27.11,11
1/1/2018,"Faulkner County, AR",05045,1467,27.73,38.33,38.54,3297.1,28.69,11.46
1/1/2018,"Forsyth County, GA",13117,2306,31.08,38.41,38.54,3285.43,26.1,12.66
1/1/2018,"Williamson County, TN",47187,2322,31.54,38.49,38.54,3344.05,24.68,11.21
1/1/2018,"Kankakee County, IL",17091,1237,27.94,38.32,38.54,3221.41,28.13,10.92
1/1/2018,"Norfolk city, VA",51710,3452,27.65,38.23,38.54,3190.78,27.74,11.76
1/1/2018,"Hamilton County, TN",47065,4249,28.47,38.39,38.54,3233.99,26.69,11.33
1/1/2018,"Collin County, TX",48085,11147,30.65,38.38,38.54,3267.7,25.83,11.1
1/1/2018,"Unidentified Counties, WY",56999,6562,28.06,38.46,38.54,3173.17,26.69,10.46
1/1/2018,"St. Charles County, MO",29183,4306,30.18,38.37,38.54,3327.59,26.64,11.74
1/1/2018,"Saline County, AR",05125,1339,27.95,38.28,38.54,3288.69,27.65,10.78
1/1/2018,"Richmond County, GA",13245,2918,27.22,38.19,38.54,3127.8,27.73,10.32
1/1/2018,"Tippecanoe County, IN",18157,2158,28.31,38.43,38.54,3280.27,27.31,10.97
1/1/2018,"Unidentified Counties, FL",12999,12991,27.31,38.34,38.54,3246.71,27.91,10.37
1/1/2018,"Pickens County, SC",45077,1145,27.11,38.5,38.79,3318.96,27.91,12.87
1/1/2018,"Fairfax County, VA",51059,13841,31.72,38.57,38.79,3296.82,25.66,11.61
1/1/2018,"Gloucester County, NJ",34015,2762,30.34,38.64,38.79,3326.53,27.95,10.53
1/1/2018,"Catawba County, NC",37035,1693,27.68,38.55,38.79,3293.78,27.52,13.68
1/1/2018,"Portage County, OH",39133,1392,28.97,38.55,38.79,3314.97,27.25,12.28
1/1/2018,"Unidentified Counties, CA",06999,9938,28.61,38.69,38.79,3324.76,27.38,11.26
1/1/2018,"Gaston County, NC",37071,2525,27.85,38.6,38.79,3249.57,27.72,11.63
1/1/2018,"Hinds County, MS",28049,3041,27.07,37.74,37.79,3031.87,28.86,13.24
1/1/2018,"Terrebonne Parish, LA",22109,1506,26.95,37.97,38.12,3181.47,29.48,12.79
1/1/2018,"Webb County, TX",48479,4693,26.67,38.11,38.12,3218.08,27.77,8.94
1/1/2018,"DeSoto County, MS",28033,2139,28.02,38.31,38.37,3245.95,28.09,10.85
1/1/2018,"Etowah County, AL",01055,1191,26.51,38.22,38.37,3190.27,28.85,9.62
1/1/2018,"Vanderburgh County, IN",18163,2115,27.25,38.22,38.37,3226,27.58,11.76
1/1/2018,"Houston County, AL",01069,1368,27.04,38.29,38.37,3206.84,29.33,11.29
1/1/2018,"Tom Green County, TX",48451,1473,27.03,38.12,38.37,3210.23,28.24,11.58
1/1/2018,"Jackson County, MS",28059,1606,27.47,38.1,38.37,3192.64,27.73,11.81
1/1/2018,"St. Clair County, IL",17163,3109,28.05,38.18,38.37,3189.87,28.67,10.39
1/1/2018,"Cleveland County, OK",40027,2833,28.4,38.18,38.37,3279.99,27.52,10.96
1/1/2018,"Blount County, TN",47009,1306,27.63,38.26,38.37,3282.33,27.01,12.79
1/1/2018,"Coconino County, AZ",04005,1506,28.18,38.5,38.62,3226.7,26.93,10.51
1/1/2018,"Alamance County, NC",37001,1958,28.35,38.41,38.62,3259.31,28.78,10.92
1/1/2018,"LaSalle County, IL",17099,1092,28.35,38.4,38.62,3312.87,28.61,12.65
1/1/2018,"Stark County, OH",39151,4075,27.87,38.48,38.62,3269.12,27.87,10.94
1/1/2018,"Unidentified Counties, MT",30999,8642,28.39,38.56,38.62,3286.43,26.77,10.86
1/1/2018,"Sumner County, TN",47165,2150,28.53,38.38,38.62,3315.76,27.01,10.39
1/1/2018,"Unidentified Counties, IN",18999,29235,27.28,38.46,38.62,3310.46,27.98,11.46
1/1/2018,"McLean County, IL",17113,1817,29.06,38.45,38.62,3326.32,27.81,11.93
1/1/2018,"Unidentified Counties, NC",37999,31164,27.52,38.35,38.62,3234.4,28.27,11.93
1/1/2018,"Santa Barbara County, CA",06083,5268,29.15,38.6,38.62,3310.64,26.99,13.14
1/1/2018,"Unidentified Counties, ND",38999,8183,28.26,38.43,38.62,3349.92,28.21,10.55
1/1/2018,"Kern County, CA",06029,12916,27.84,38.51,38.62,3278.08,28.47,11.58
1/1/2018,"Winnebago County, WI",55139,1798,29.27,38.34,38.62,3329.99,28.31,13.65
1/1/2018,"Cochise County, AZ",04003,1354,27.34,38.59,38.62,3247.36,27.28,8.71
1/1/2018,"Stafford County, VA",51179,1745,29.48,38.57,38.87,3330.93,27.49,11.33
1/1/2018,"Butler County, PA",42019,1809,29.93,38.64,38.87,3336,26.53,12.59
1/1/2018,"Kent County, RI",44003,1502,30.25,38.64,38.87,3346.98,27.07,12.11
1/1/2018,"Litchfield County, CT",09005,1364,30.58,38.69,38.87,3352.57,27,12.77
1/1/2018,"Dakota County, MN",27037,5140,30.6,38.67,38.87,3351.95,27.28,12.52
1/1/2018,"Onslow County, NC",37133,3923,26.26,38.61,39.12,3331.49,26.39,12.3
1/1/2018,"Jefferson County, AL",01073,8437,28.44,38.24,38.2,3161.29,27.67,10.27
1/1/2018,"Ascension Parish, LA",22005,1687,28.77,38.17,38.2,3220.11,27.91,11.06
1/1/2018,"Palm Beach County, FL",12099,15066,30.06,38.41,38.45,3227.61,26.49,10.93
1/1/2018,"Pima County, AZ",04019,10671,28.36,38.48,38.45,3244.32,27.16,9.56
1/1/2018,"Randall County, TX",48381,1645,28.16,38.48,38.45,3237.86,27.14,11.21
1/1/2018,"Will County, IL",17197,7318,30.01,38.31,38.45,3289.24,27.33,11.18
1/1/2018,"Clay County, FL",12019,2182,28.37,38.3,38.45,3252.32,27.52,10.66
1/1/2018,"Woodbury County, IA",19193,1393,27.55,38.36,38.45,3270.87,27.84,11.79
1/1/2018,"Comal County, TX",48091,1526,28.89,38.26,38.45,3258.32,26.51,10.26
1/1/2018,"Queens County, NY",36081,28042,30.72,38.58,38.7,3216.82,25.57,11.15
1/1/2018,"Brown County, WI",55009,3158,28.95,38.4,38.7,3313.53,27.82,13.58
1/1/2018,"Ottawa County, MI",26139,3138,29.15,38.56,38.7,3376.78,27.31,11.1
1/1/2018,"Chautauqua County, NY",36013,1299,27.28,38.47,38.7,3263.74,28.05,10.9
1/1/2018,"Benton County, WA",53005,2552,28.53,38.55,38.7,3329.61,27.41,11.32
1/1/2018,"Windham County, CT",09015,1062,29.25,38.38,38.7,3275.46,27.6,11.58
1/1/2018,"Kenton County, KY",21117,2191,28.58,38.38,38.7,3284.94,27.32,11.5
1/1/2018,"Orange County, CA",06059,35679,30.98,38.63,38.7,3291.59,25.34,12.58
1/1/2018,"Burlington County, NJ",34005,4365,30.53,38.54,38.7,3294.48,27.24,10.28
1/1/2018,"Yavapai County, AZ",04025,1772,27.7,38.53,38.7,3260.13,26.5,11.43
1/1/2018,"Martin County, FL",12085,1251,29.61,38.53,38.7,3287.78,26.18,11.64
1/1/2018,"Lake County, OH",39085,2212,29.41,38.53,38.7,3289.25,26.93,12.07
1/1/2018,"Monroe County, IN",18105,1246,29.24,38.52,38.7,3304.6,27.36,12.91
1/1/2018,"Mecklenburg County, NC",37119,14650,29.7,38.52,38.7,3220.41,26.32,12.06
1/1/2018,"Tulare County, CA",06107,6905,27.82,38.51,38.7,3304.18,28.53,11.33
1/1/2018,"Buncombe County, NC",37021,2482,29.69,38.5,38.95,3264.1,25.97,14.01
1/1/2018,"Washington County, RI",44009,870,31.09,38.75,38.95,3366.33,25.98,12.78
1/1/2018,"Sonoma County, CA",06097,4526,30.73,38.83,38.95,3361.32,26.98,11.41
1/1/2018,"Columbia County, GA",13073,1817,29.54,38.49,38.95,3322.1,27.06,11.06
1/1/2018,"Jefferson County, NY",36045,1864,26.74,38.62,38.95,3341.79,27.65,11.97
1/1/2018,"Douglas County, OR",41019,1054,27.61,38.7,38.95,3323.12,27.79,13.42
1/1/2018,"Medina County, OH",39103,1675,30.06,38.77,38.95,3382.42,26.64,12.14
1/1/2018,"Imperial County, CA",06025,2629,27.91,38.65,39.2,3320.75,27.98,9.44
1/1/2018,"Rockland County, NY",36087,5719,29.94,39.09,39.2,3333.35,25.56,11.02
1/1/2018,"Unidentified Counties, SC",45999,12921,26.86,38.13,38.28,3160.86,29.18,12
1/1/2018,"Unidentified Counties, AL",01999,22362,26.66,38.17,38.28,3198.29,28.47,10.53
1/1/2018,"Niagara County, NY",36063,2100,28.89,38.41,38.53,3265.76,28.42,10.18
1/1/2018,"Rowan County, NC",37159,1593,27.61,38.24,38.53,3213,28.61,11.08
1/1/2018,"Fresno County, CA",06019,14465,28.43,38.49,38.53,3276.69,28.21,12.78
1/1/2018,"McLennan County, TX",48309,3460,27.49,38.39,38.53,3286.53,27.86,11.01
1/1/2018,"Jasper County, MO",29097,1570,26.73,38.3,38.53,3270.21,27.42,10.97
1/1/2018,"Johnson County, IN",18081,1877,28.27,38.46,38.53,3319.68,27.76,11.95
1/1/2018,"Charles County, MD",24017,1863,29.47,38.46,38.53,3224.94,28.14,10.25
1/1/2018,"Sebastian County, AR",05131,1662,26.81,38.37,38.53,3268.5,28.35,9.51
1/1/2018,"Maricopa County, AZ",04013,51854,28.69,38.44,38.53,3281.98,27.06,11.09
1/1/2018,"Canadian County, OK",40017,1864,28.34,38.27,38.53,3302.66,27.54,10.8
1/1/2018,"Ingham County, MI",26065,3049,28.66,38.52,38.53,3262.53,27.69,14.06
1/1/2018,"Franklin County, OH",39049,18338,29.25,38.42,38.53,3235.98,26.76,10.91
1/1/2018,"Prince William County, VA",51153,6484,30.11,38.5,38.78,3291.91,27.02,10.78
1/1/2018,"Marathon County, WI",55073,1561,28.86,38.58,38.78,3346.37,28.55,11.19
1/1/2018,"Contra Costa County, CA",06013,12002,31.06,38.64,38.78,3310.89,26.9,11.82
1/1/2018,"Bartow County, GA",13015,1173,27.39,38.38,38.78,3284.58,28.54,12.26
1/1/2018,"Anoka County, MN",27003,4241,30.08,38.63,38.78,3362.99,27.55,11.49
1/1/2018,"Lehigh County, PA",42077,4352,28.76,38.63,38.78,3275.38,27.26,12.51
1/1/2018,"Wayne County, NC",37191,1639,27.29,38.53,38.78,3284.48,28.14,10.65
1/1/2018,"Mohave County, AZ",04015,1796,27.09,38.52,38.78,3289.4,27.61,10.66
1/1/2018,"Sarasota County, FL",12115,2878,29.3,38.6,38.78,3308.35,26.04,11.61
1/1/2018,"Washtenaw County, MI",26161,3527,30.93,38.6,38.78,3287.95,26.29,15.39
1/1/2018,"Cumberland County, ME",23005,2717,31.2,38.68,38.78,3348.32,26.7,14.13
1/1/2018,"Elkhart County, IN",18039,3117,27.28,38.67,38.78,3331.83,27.7,11.09
1/1/2018,"Chittenden County, VT",50007,1392,30.92,38.87,39.03,3363.3,26.13,12.59
1/1/2018,"Merrimack County, NH",33013,1305,29.88,38.84,39.03,3349.48,27.49,13.11
1/1/2018,"Rankin County, MS",28121,1744,28.51,37.88,38.11,3226.85,28.44,12.6
1/1/2018,"Madison County, AL",01089,4262,28.65,38.02,38.11,3180.03,27.65,9.8
1/1/2018,"Bonneville County, ID",16019,1815,27.92,38.32,38.36,3203.52,27.51,11.9
1/1/2018,"Oklahoma County, OK",40109,11255,28.07,38.21,38.36,3226,27.53,10.6
1/1/2018,"Brazoria County, TX",48039,4734,28.98,38.19,38.36,3252.07,27.64,10.81
1/1/2018,"Sedgwick County, KS",20173,6733,27.98,38.35,38.36,3288.15,27.57,10.89
1/1/2018,"Pitt County, NC",37147,2085,28.41,38.09,38.36,3184.18,28.72,11.76
1/1/2018,"Warren County, KY",21227,1732,27.85,38.33,38.61,3302.9,26.79,10.46
1/1/2018,"Linn County, IA",19113,2731,28.89,38.41,38.61,3333.72,27.65,12.46
1/1/2018,"Polk County, FL",12105,7847,27.65,38.39,38.61,3256.08,28.09,10.65
1/1/2018,"Pennington County, SD",46103,1542,27.95,38.39,38.61,3298.78,26.56,10.39
1/1/2018,"Sussex County, DE",10005,2297,28.47,38.47,38.61,3269.44,27.28,9.78
1/1/2018,"Union County, NJ",34039,6777,30.84,38.55,38.61,3259.09,26.66,10.43
1/1/2018,"Williamson County, TX",48491,6650,30.19,38.46,38.61,3310.3,26.51,12.66
1/1/2018,"Riverside County, CA",06065,28725,28.93,38.54,38.61,3288.23,27.29,11.37
1/1/2018,"Paulding County, GA",13223,1763,28.73,38.35,38.61,3298.26,28.02,13.25
1/1/2018,"New London County, CT",09011,2457,29.74,38.64,38.86,3332.75,27.3,12.54
1/1/2018,"Boulder County, CO",08013,2560,31.26,38.8,38.86,3232.47,25.15,10.76
1/1/2018,"Montgomery County, PA",42091,8515,31.35,38.7,38.86,3319.72,26.04,11.28
1/1/2018,"Hampshire County, MA",25015,948,31.45,38.78,38.86,3346.87,26.5,12.38
1/1/2018,"Wichita County, TX",48485,1607,26.77,38.35,38.86,3286.32,27.52,11.65
1/1/2018,"Androscoggin County, ME",23001,1240,28.5,38.68,38.86,3310.37,28.74,12.14
1/1/2018,"Onondaga County, NY",36067,5236,29.37,38.68,38.86,3306.46,27.9,12.72
1/1/2018,"Spartanburg County, SC",45083,3855,27.69,38.25,38.44,3245.29,27.86,13.29
1/1/2018,"Montgomery County, OH",39113,6480,27.96,38.33,38.44,3260.13,28.32,11.33
1/1/2018,"Unidentified Counties, WV",54999,14897,27.07,38.22,38.44,3236.91,28.15,11.63
1/1/2018,"Harrison County, MS",28047,2662,27.52,38.13,38.44,3184.96,27.42,11.62
1/1/2018,"Winnebago County, IL",17201,3497,27.92,38.21,38.44,3247.24,28.86,13.07
1/1/2018,"Champaign County, IL",17019,2254,28.91,38.27,38.44,3252.19,27.72,12.77
1/1/2018,"Unidentified Counties, TN",47999,30395,26.78,38.26,38.44,3253.44,27.81,11.45
1/1/2018,"Orange County, FL",12095,16919,29.65,38.34,38.44,3232.26,26.61,9.27
1/1/2018,"Unidentified Counties, VA",51999,38308,28.39,38.5,38.69,3276.37,28.05,11.37
1/1/2018,"Lackawanna County, PA",42069,2033,28.94,38.48,38.69,3275.38,27,11.32
1/1/2018,"Yakima County, WA",53077,3690,27.93,38.48,38.69,3310.34,28.66,11.36
1/1/2018,"San Diego County, CA",06073,40070,30.31,38.64,38.69,3300.06,26.06,11.86
1/1/2018,"Somerset County, NJ",34035,3210,31.77,38.54,38.69,3269.56,25.95,11.16
1/1/2018,"Delaware County, OH",39041,2106,31.54,38.54,38.69,3343.93,25.81,11.93
1/1/2018,"Franklin County, PA",42055,1745,28.21,38.52,38.69,3316.95,27.32,11.07
1/1/2018,"Miami County, OH",39109,1180,28.09,38.6,38.69,3365.25,27.98,11.31
1/1/2018,"Pinellas County, FL",12103,8126,29.36,38.51,38.69,3279.11,26.44,11.14
1/1/2018,"Arlington County, VA",51013,2937,32.6,38.74,38.94,3334.08,24.63,10.8
1/1/2018,"Adams County, PA",42001,916,28.48,38.73,38.94,3372.7,27.55,12.23
1/1/2018,"Marion County, OR",41047,4183,28.32,38.64,38.94,3348.2,28.09,12.1
1/1/2018,"La Crosse County, WI",55063,1176,29.47,38.97,38.94,3388.84,27.64,11.69
1/1/2018,"Carroll County, MD",24013,1776,30.19,38.71,38.94,3395.24,26.98,10.83
1/1/2018,"Florence County, SC",45041,1616,27.62,38.07,38.02,3124.04,29.29,12.65
1/1/2018,"Mobile County, AL",01097,5549,27.25,37.95,38.02,3129.31,28.05,10.87
1/1/2018,"Ector County, TX",48135,3000,26.45,37.93,38.02,3151.47,27.35,9.26
1/1/2018,"Douglas County, GA",13097,1700,28.58,38.15,38.27,3157.22,28.31,12.02
1/1/2018,"Mahoning County, OH",39099,2344,27.9,38.09,38.27,3158.59,27.56,12.94
1/1/2018,"Aiken County, SC",45003,1897,27.81,38.24,38.52,3213.45,28.03,10.85
1/1/2018,"Hall County, GA",13139,2496,27.87,38.46,38.52,3317.75,27.25,12.36
1/1/2018,"Racine County, WI",55101,2271,28.3,38.29,38.52,3253.09,28.36,11.24
1/1/2018,"Guilford County, NC",37081,6115,28.82,38.37,38.52,3223.01,27.99,11.69
1/1/2018,"Baltimore County, MD",24005,9787,29.92,38.36,38.52,3233.33,27.32,10.93
1/1/2018,"Butler County, OH",39017,4472,28.6,38.35,38.52,3276.42,27.54,11.8
1/1/2018,"District of Columbia, DC",11001,9212,30.85,38.51,38.52,3205.47,25.88,10.28
1/1/2018,"Unidentified Counties, MD",24999,5451,28.55,38.56,38.77,3307.82,27.72,11.67
1/1/2018,"Mesa County, CO",08077,1655,27.89,38.55,38.77,3194.48,26.89,10.81
1/1/2018,"Unidentified Counties, AK",02999,6111,28.2,38.62,38.77,3425.55,27.14,10.59
